timesteps,val_sharpe,val_max_drawdown,val_final_equity,loss,entropy_loss,value_loss
2000,-31.443384324680533,0.01390803410135344,9892.565129311954,0.0,0.0,0.0
4000,-41.130371624534305,0.016306680191285228,9878.580544725151,0.0,0.0,0.0
6000,-62.179670506870416,0.012860535748361768,9990.256784105317,0.0,0.0,0.0
8000,-58.01881182784489,0.02155771639737203,9893.65939551076,0.0,0.0,0.0
10000,-67.68160388617672,0.022179179912621527,9864.873389456014,0.0,0.0,0.0
