timesteps,val_sharpe,val_max_drawdown,val_final_equity,loss,entropy_loss,value_loss
2000,-4.119003652696939,0.0016340485903112434,9984.34659777623,0.0,0.0,0.0
4000,-9.959547705858721,0.010058167863427503,9902.589430902766,0.0,0.0,0.0
6000,-4.975807513865437,0.006057326862826451,9942.160605540617,0.0,0.0,0.0
8000,-11.493086828241431,0.017657228508658918,9832.755337543522,0.0,0.0,0.0
10000,-5.575015601375019,0.0059909854061712675,9940.307565931604,0.0,0.0,0.0
