timesteps,val_sharpe,val_max_drawdown,val_final_equity,loss,entropy_loss,value_loss
2000,-1.461365922250208,0.0003302376019935771,9996.697623980064,0.0,0.0,0.0
4000,-7.365462627095757,0.007063569917450052,9933.888695694528,0.0,0.0,0.0
6000,-3.821530584135392,0.0027348537403074635,9975.493493099999,0.0,0.0,0.0
8000,-10.540451848294392,0.01200302180010182,9891.697164661518,0.0,0.0,0.0
10000,-4.762421810665961,0.0032862810802299913,9969.00799993566,0.0,0.0,0.0
