timesteps,val_sharpe,val_max_drawdown,val_final_equity,loss,entropy_loss,value_loss
256,-4.978537769932379,0.0008956087571176941,9992.300420124919,0.0,0.0,0.0
512,-1.4613668278633127,3.843721953233903e-05,9999.615627804676,0.0,0.0,0.0
768,0.0,0.0,10000.0,0.0,0.0,0.0
1024,0.0,0.0,10000.0,0.0,0.0,0.0
