timesteps,val_sharpe,val_max_drawdown,val_final_equity,loss,entropy_loss,value_loss
2000,-3.8572476609982425,0.0015997511485705829,9986.163245364669,0.0,0.0,0.0
4000,-9.29802255728177,0.01005746622563053,9903.511915452065,0.0,0.0,0.0
6000,-4.846406574185558,0.005919157050206958,9943.178895972746,0.0,0.0,0.0
8000,-11.455691020790537,0.017837073844040652,9830.702105505698,0.0,0.0,0.0
10000,-5.579258308564788,0.0059827151376237175,9940.442707328293,0.0,0.0,0.0
