timesteps,val_sharpe,val_max_drawdown,val_final_equity,loss,entropy_loss,value_loss
2000,-21.66750923305615,0.007588520455035885,9978.97768206643,0.0,0.0,0.0
4000,-35.927871268469154,0.028623097173492318,9713.769028265076,0.0,0.0,0.0
6000,-35.4838783493526,0.028660071263052256,9713.399287369477,0.0,0.0,0.0
8000,-30.971746824514526,0.03183748932818553,9685.088431951324,0.0,0.0,0.0
10000,-33.04945000559678,0.034965472070699666,9653.797415060115,0.0,0.0,0.0
