timesteps,val_sharpe,val_max_drawdown,val_final_equity,loss,entropy_loss,value_loss
2000,-2.0222604559240978,0.0003209659469750603,9996.79034053025,0.0,0.0,0.0
4000,-11.18372357214907,0.006895188498510341,9935.291167376457,0.0,0.0,0.0
6000,-4.149383036726801,0.0023034876564370643,9977.301397524589,0.0,0.0,0.0
8000,-11.309797526841562,0.009521352509451964,9911.855292856962,0.0,0.0,0.0
10000,-6.7678987168549245,0.003814824116567972,9961.85175883432,0.0,0.0,0.0
