timesteps,val_sharpe,val_max_drawdown,val_final_equity,loss,entropy_loss,value_loss
256,-8.482366918210609,0.0039706154956589135,9963.471434750214,0.0,0.0,0.0
512,-9.61878699010177,0.007890370930815904,9928.606461812058,0.0,0.0,0.0
768,-8.667757850145271,0.006242999306320107,9944.34159577898,0.0,0.0,0.0
1024,-16.037533274765174,0.008636009894460228,9920.691087124666,0.0,0.0,0.0
