timesteps,val_sharpe,val_max_drawdown,val_final_equity,loss,entropy_loss,value_loss
2000,0.0,0.0,10000.0,0.0,0.0,0.0
4000,-10.837153621134899,0.006560241794428157,9940.704560797121,0.0,0.0,0.0
6000,-3.866428201729334,0.0018555483267372885,9983.09562625642,0.0,0.0,0.0
8000,-9.34557453524373,0.005362565549877907,9952.91443076008,0.0,0.0,0.0
10000,-5.558429956456791,0.0026886062675808287,9973.113937324191,0.0,0.0,0.0
