timesteps,val_sharpe,val_max_drawdown,val_final_equity,loss,entropy_loss,value_loss
2000,-3.502776335726446,0.0012976495945816735,9988.27618137512,0.0,0.0,0.0
4000,-7.447447278524854,0.009212892902104253,9911.611697890638,0.0,0.0,0.0
6000,-4.435219261928698,0.006030609789847263,9942.580079679035,0.0,0.0,0.0
8000,-9.736799258038442,0.01645118996999806,9844.194414649637,0.0,0.0,0.0
10000,-5.286452433604942,0.00556818086667954,9944.318191333205,0.0,0.0,0.0
