timesteps,val_sharpe,val_max_drawdown,val_final_equity,loss,entropy_loss,value_loss
2000,-2.846638594105281,0.0009089960793071672,9990.910039206929,0.0,0.0,0.0
4000,-10.450862155732299,0.006675018719107806,9938.402020452088,0.0,0.0,0.0
6000,-4.785741162904912,0.0031289340927405096,9969.571905619834,0.0,0.0,0.0
8000,-9.121289801151136,0.007902717615900445,9927.56854442002,0.0,0.0,0.0
10000,-13.653856847585171,0.010156213101867761,9899.854891127656,0.0,0.0,0.0
