timesteps,val_sharpe,val_max_drawdown,val_final_equity,loss,entropy_loss,value_loss
2000,-2.8004157507199494,0.0005939450141532188,9994.531303697227,0.0,0.0,0.0
4000,-9.39034036892794,0.00881641376108111,9916.16093788412,0.0,0.0,0.0
6000,-3.9840159887112883,0.0029649242473693826,9970.350757526307,0.0,0.0,0.0
8000,-10.941141335313217,0.011015685511506113,9894.068677381494,0.0,0.0,0.0
10000,-6.9311637245799895,0.005430826543727063,9945.69173456273,0.0,0.0,0.0
