timesteps,val_sharpe,val_max_drawdown,val_final_equity,loss,entropy_loss,value_loss
2000,-3.0047297074592554,0.00037843578698593117,9996.979389765413,0.0,0.0,0.0
4000,-11.391909115080082,0.009473867968213145,9910.268559719641,0.0,0.0,0.0
6000,-4.238991565512842,0.002965672434862787,9971.83269278545,0.0,0.0,0.0
8000,-12.624523882839979,0.01286338411965915,9880.725731025932,0.0,0.0,0.0
10000,-5.230073731971545,0.0038304954001990854,9961.72609426101,0.0,0.0,0.0
