timesteps,val_sharpe,val_max_drawdown,val_final_equity,loss,entropy_loss,value_loss
2000,-3.317825867447514,0.0008697246496658373,9991.302753503342,0.0,0.0,0.0
4000,-9.628214503362306,0.011542345888383876,9890.494750443453,0.0,0.0,0.0
6000,-5.094822527956167,0.007274268960707042,9935.306867880881,0.0,0.0,0.0
8000,-10.620377608157094,0.016589795515730477,9845.952191234042,0.0,0.0,0.0
10000,-3.548113416000089,0.003269790136739892,9967.375782346904,0.0,0.0,0.0
