timesteps,val_sharpe,val_max_drawdown,val_final_equity,loss,entropy_loss,value_loss
2000,-2.3973503486613335,0.018418633520699168,9920.176567349688,0.0,0.0,0.0
4000,-0.020345098463466705,0.01732553886468058,9987.09399848993,0.0,0.0,0.0
6000,-0.020345098463466705,0.01732553886468058,9987.09399848993,0.0,0.0,0.0
8000,-0.020345098463466705,0.01732553886468058,9987.09399848993,0.0,0.0,0.0
10000,-0.020345098463466705,0.01732553886468058,9987.09399848993,0.0,0.0,0.0
