timesteps,val_sharpe,val_max_drawdown,val_final_equity,loss,entropy_loss,value_loss
2000,-2.0526609214726914,0.0006859892441256621,9993.140107558744,0.0,0.0,0.0
4000,-7.232937347893502,0.006774967487038541,9936.877727380457,0.0,0.0,0.0
6000,-3.5671375537600465,0.0023837668909140186,9976.16233109086,0.0,0.0,0.0
8000,-9.790092015799043,0.010452098925375464,9899.52122206159,0.0,0.0,0.0
10000,-6.208092003142738,0.005153098177195337,9948.469018228046,0.0,0.0,0.0
