timesteps,val_sharpe,val_max_drawdown,val_final_equity,loss,entropy_loss,value_loss
2000,-3.76516589145877,0.0010780967890176019,9989.219032109824,0.0,0.0,0.0
4000,-10.076420514185509,0.012030186830920386,9885.620361011863,0.0,0.0,0.0
6000,-4.927338543005615,0.006678002362495716,9940.26103803763,0.0,0.0,0.0
8000,-10.853474044184896,0.016572455332949154,9845.533964716173,0.0,0.0,0.0
10000,-3.5260780807029852,0.003313950426791945,9966.941010418208,0.0,0.0,0.0
