timesteps,val_sharpe,val_max_drawdown,val_final_equity,loss,entropy_loss,value_loss
2000,-4.650096024449037,0.008264182347690108,9923.235487736483,0.0,0.0,0.0
4000,-4.616617783887337,0.009982933916608983,9900.17066083391,0.0,0.0,0.0
6000,0.10774226861790562,0.017324648193090098,9972.766521427793,0.0,0.0,0.0
8000,-0.020345098463466705,0.01732553886468058,9987.09399848993,0.0,0.0,0.0
10000,-0.020345098463466705,0.01732553886468058,9987.09399848993,0.0,0.0,0.0
