timesteps,val_sharpe,val_max_drawdown,val_final_equity,loss,entropy_loss,value_loss
2000,0.0,0.0,10000.0,0.0,0.0,0.0
4000,-10.144354640243309,0.005431255330745843,9950.36594301872,0.0,0.0,0.0
6000,-4.464617781286492,0.003104986389505071,9971.305341049207,0.0,0.0,0.0
8000,-9.088727602301393,0.007993289566010975,9927.866314057801,0.0,0.0,0.0
10000,-7.6846166631302975,0.0043980129270323465,9956.366560420121,0.0,0.0,0.0
