timesteps,val_sharpe,val_max_drawdown,val_final_equity,loss,entropy_loss,value_loss
2000,-3.8527031828393454,0.0021254743211728266,9980.724395921627,0.0,0.0,0.0
4000,-8.08701235480943,0.008612754130564837,9916.32251539958,0.0,0.0,0.0
6000,-5.2701001053121805,0.0070048179927530985,9931.468306523248,0.0,0.0,0.0
8000,-9.700409629875507,0.015816528923144335,9848.535652899367,0.0,0.0,0.0
10000,-5.882944626054168,0.007138309379830066,9931.864226519529,0.0,0.0,0.0
