timesteps,val_sharpe,val_max_drawdown,val_final_equity,loss,entropy_loss,value_loss
2000,-1.4613659207106633,0.0002960071878055359,9997.039928121945,0.0,0.0,0.0
4000,-9.580138491666712,0.005740876656285088,9946.498503578065,0.0,0.0,0.0
6000,-4.188589963956227,0.0029135485947563433,9971.460689327687,0.0,0.0,0.0
8000,-6.768827602387675,0.0056228540265507165,9947.580158795072,0.0,0.0,0.0
10000,-9.084485471944891,0.004949819144157708,9950.512063641878,0.0,0.0,0.0
