timesteps,val_sharpe,val_max_drawdown,val_final_equity,loss,entropy_loss,value_loss
2000,-4.53460465458939,0.002428638029946195,9977.64994208457,0.0,0.0,0.0
4000,-10.992171847398268,0.010606121684578751,9896.14772044259,0.0,0.0,0.0
6000,-5.759537396078007,0.007986795666174995,9922.338306488697,0.0,0.0,0.0
8000,-10.715920127005308,0.017055746296130048,9835.18862381987,0.0,0.0,0.0
10000,-6.180384054272335,0.007456838277138056,9926.99574366745,0.0,0.0,0.0
