timesteps,val_sharpe,val_max_drawdown,val_final_equity,loss,entropy_loss,value_loss
2000,-3.9715075467967607,0.0013964086825646316,9987.532120750106,0.0,0.0,0.0
4000,-12.278823541190551,0.010440015196516383,9899.86003632752,0.0,0.0,0.0
6000,-4.804259096469066,0.004053218310786755,9959.808955994875,0.0,0.0,0.0
8000,-10.399025859944246,0.010785890700021672,9896.181940806717,0.0,0.0,0.0
10000,-9.26160097134119,0.007338300984073953,9926.61699015926,0.0,0.0,0.0
