timesteps,val_sharpe,val_max_drawdown,val_final_equity,loss,entropy_loss,value_loss
2000,-2.9353762833785306,0.0008383834678905577,9991.699977788756,0.0,0.0,0.0
4000,-11.233710363217456,0.00710477723858749,9933.734485191997,0.0,0.0,0.0
6000,-5.072745276322492,0.0033476713176331385,9967.516728536737,0.0,0.0,0.0
8000,-10.421185087250487,0.009068118607482023,9915.979273275172,0.0,0.0,0.0
10000,-14.75376734766807,0.011515048828979912,9886.490872190423,0.0,0.0,0.0
