timesteps,val_sharpe,val_max_drawdown,val_final_equity,loss,entropy_loss,value_loss
2000,-36.10704944276252,0.01731873322057642,9850.135083682082,0.0,0.0,0.0
4000,-27.989557335534016,0.016239224822247267,9845.930395515317,0.0,0.0,0.0
6000,-43.230341968721156,0.022008999779027705,9802.329469249798,0.0,0.0,0.0
8000,-34.912447714469494,0.022759748160367077,9803.140916073127,0.0,0.0,0.0
10000,-27.51435578286118,0.021862835269903735,9816.320733770224,0.0,0.0,0.0
