timesteps,val_sharpe,val_max_drawdown,val_final_equity,loss,entropy_loss,value_loss
2000,-3.7261392318267377,0.0013514854383327446,9987.356046944346,0.0,0.0,0.0
4000,-11.70279073489974,0.010334125741207845,9900.901876375627,0.0,0.0,0.0
6000,-4.317403949859694,0.003458745523033935,9965.41254476966,0.0,0.0,0.0
8000,-10.275365236122548,0.010370395464696425,9900.338590419435,0.0,0.0,0.0
10000,-7.8682719800656935,0.0067896301202221565,9932.103698797779,0.0,0.0,0.0
