timesteps,val_sharpe,val_max_drawdown,val_final_equity,loss,entropy_loss,value_loss
2000,-3.6818164652806424,0.0009041797900317672,9992.08955229344,0.0,0.0,0.0
4000,-10.98944159969789,0.009199963466357208,9912.241889031899,0.0,0.0,0.0
6000,-3.8974902528223305,0.0027550808325741416,9972.449191674259,0.0,0.0,0.0
8000,-10.91993173102552,0.010519872903678507,9899.273916442557,0.0,0.0,0.0
10000,-6.561424385446825,0.005049693806181699,9949.503061938183,0.0,0.0,0.0
