timesteps,val_sharpe,val_max_drawdown,val_final_equity,loss,entropy_loss,value_loss
2000,-2.0479180476905623,0.00037646250446154994,9996.235374955384,0.0,0.0,0.0
4000,-10.310278399264904,0.006610046046298779,9938.154549502442,0.0,0.0,0.0
6000,-4.242015474413227,0.002421887576095072,9976.253457716191,0.0,0.0,0.0
8000,-10.493388068128612,0.00875609353454787,9919.497147251972,0.0,0.0,0.0
10000,-6.590716515711672,0.003790715417777757,9962.092845822222,0.0,0.0,0.0
