timesteps,val_sharpe,val_max_drawdown,val_final_equity,loss,entropy_loss,value_loss
2000,-33.65471154576611,0.013957788282052963,9892.582730228682,0.0,0.0,0.0
4000,-42.82641934139869,0.01623737721033458,9882.406213059805,0.0,0.0,0.0
6000,-37.03866275928661,0.012382741717431145,9996.63991013943,0.0,0.0,0.0
8000,-26.645320204886158,0.02197316591862153,9894.974531028194,0.0,0.0,0.0
10000,-28.231123031030236,0.02148343474880754,9873.564560150486,0.0,0.0,0.0
