timesteps,val_sharpe,val_max_drawdown,val_final_equity,loss,entropy_loss,value_loss
2000,-20.073914523763058,0.007562532441200309,9979.93985198986,0.0,0.0,0.0
4000,-35.204485896101914,0.028867058461068518,9711.329415389315,0.0,0.0,0.0
6000,-35.21479493099322,0.028889733896618752,9711.102661033812,0.0,0.0,0.0
8000,-40.649011279811475,0.03237134455910917,9679.74796992727,0.0,0.0,0.0
10000,-49.21153060054599,0.03551685899774015,9648.281573360251,0.0,0.0,0.0
