timesteps,val_sharpe,val_max_drawdown,val_final_equity,loss,entropy_loss,value_loss
2000,-3.5000463722298196,0.0015050220444597917,9986.82526485309,0.0,0.0,0.0
4000,-8.48054229507608,0.008767809179745178,9916.31012230444,0.0,0.0,0.0
6000,-3.8696627829050882,0.0029895110084439125,9970.104889915561,0.0,0.0,0.0
8000,-8.380335731911646,0.009154759962003989,9912.499911204539,0.0,0.0,0.0
10000,-7.221252341272438,0.005806841374230709,9941.931586257693,0.0,0.0,0.0
