timesteps,val_sharpe,val_max_drawdown,val_final_equity,loss,entropy_loss,value_loss
2000,-2.8690452815584457,0.0007156690100112995,9993.350736506409,0.0,0.0,0.0
4000,-9.627554554143488,0.012120162686343083,9885.277757243506,0.0,0.0,0.0
6000,-5.728974019790588,0.008800458764058883,9923.034806750748,0.0,0.0,0.0
8000,-11.632864970609573,0.01748752690374389,9838.244334073339,0.0,0.0,0.0
10000,-4.1224329718194195,0.00413844252844342,9959.265588199778,0.0,0.0,0.0
