timesteps,val_sharpe,val_max_drawdown,val_final_equity,loss,entropy_loss,value_loss
2000,-2.4447059403665032,0.0006565694847388004,9993.434305152612,0.0,0.0,0.0
4000,-10.428516748444334,0.006516944757388621,9939.399762671672,0.0,0.0,0.0
6000,-4.32708129119921,0.0025063543725547532,9975.28087207812,0.0,0.0,0.0
8000,-9.290671339621044,0.007720769487348456,9929.875537344695,0.0,0.0,0.0
10000,-8.052665982193263,0.0038468385047566445,9961.531614952433,0.0,0.0,0.0
