timesteps,val_sharpe,val_max_drawdown,val_final_equity,loss,entropy_loss,value_loss
2000,-4.27353794265567,0.0024240140276169386,9978.425599535018,0.0,0.0,0.0
4000,-9.041249525196783,0.009083998908744784,9911.809994573023,0.0,0.0,0.0
6000,-5.386280410225673,0.006870464487115702,9932.02563736325,0.0,0.0,0.0
8000,-10.080426857683639,0.016308944744884868,9843.608142004312,0.0,0.0,0.0
10000,-5.798365262105052,0.007364783569709266,9929.598743898994,0.0,0.0,0.0
