timesteps,val_sharpe,val_max_drawdown,val_final_equity,loss,entropy_loss,value_loss
2000,-2.5469779147970963,0.0002800071539422744,9997.894750399422,0.0,0.0,0.0
4000,-10.202787102347864,0.008807878075890452,9916.839658855939,0.0,0.0,0.0
6000,-4.236227850093934,0.0029693148628466837,9972.171307212804,0.0,0.0,0.0
8000,-11.654189535485386,0.012235179071535818,9887.499068243778,0.0,0.0,0.0
10000,-5.270250616299592,0.00391660285129769,9960.865017066257,0.0,0.0,0.0
