timesteps,val_sharpe,val_max_drawdown,val_final_equity,loss,entropy_loss,value_loss
2000,-4.37670106296125,0.02268173611356228,9818.17584241645,0.0,0.0,0.0
4000,-0.020345098463466705,0.01732553886468058,9987.09399848993,0.0,0.0,0.0
6000,-0.020345098463466705,0.01732553886468058,9987.09399848993,0.0,0.0,0.0
8000,-0.020345098463466705,0.01732553886468058,9987.09399848993,0.0,0.0,0.0
10000,-0.020345098463466705,0.01732553886468058,9987.09399848993,0.0,0.0,0.0
