timesteps,val_sharpe,val_max_drawdown,val_final_equity,loss,entropy_loss,value_loss
2000,-2.3886716938424075,0.0005931969262584769,9994.068030737415,0.0,0.0,0.0
4000,-11.681795813359969,0.007117459994540054,9933.662693758151,0.0,0.0,0.0
6000,-4.855863527321031,0.0031233742278845567,9969.892748165144,0.0,0.0,0.0
8000,-10.725203136225511,0.009989262255129305,9907.059028783238,0.0,0.0,0.0
10000,-8.66283409322994,0.004852574525634923,9951.653120350704,0.0,0.0,0.0
