timesteps,val_sharpe,val_max_drawdown,val_final_equity,loss,entropy_loss,value_loss
2000,-33.003712021552765,0.017379033638136754,9849.33687693977,0.0,0.0,0.0
4000,-25.351346963203977,0.015921834721188466,9849.125697519083,0.0,0.0,0.0
6000,-43.962612404644815,0.021958164509777722,9802.848977085448,0.0,0.0,0.0
8000,-35.212169957425246,0.02413999551150825,9786.728387515743,0.0,0.0,0.0
10000,-44.469471597787006,0.02211316297947874,9812.861023219733,0.0,0.0,0.0
